[
    
    {
        "categoria": "Matemática",
        "pregunta": "Periodo de vida de J. Kepler",
        "respuesta": "(1571 - 1630)",
        "incorrecta1": "(1672 - 1720)",
        "incorrecta2": "(1420 - 1507)",
        "incorrecta3": "Sigue con vida\r"
    },
    {
        "categoria": "Matemática",
        "pregunta": "Famoso por una manzana que cayó en su cabeza",
        "respuesta": "I Newton",
        "incorrecta1": "G Leibniz",
        "incorrecta2": "L'Hopital",
        "incorrecta3": "M Agnesi\r"
    },
    {
        "categoria": "Matemática",
        "pregunta": "¿En qué año Newton Descubrió el calculo?",
        "respuesta": "1665",
        "incorrecta1": "1637",
        "incorrecta2": "1728",
        "incorrecta3": "1696\r"
    },
    {
        "categoria": "Matemática",
        "pregunta": "¿Qué descubrio Kepler en 1609?",
        "respuesta": "Las leyes del movimiento planetario",
        "incorrecta1": "La geometria analitica",
        "incorrecta2": "La integral de Kepler",
        "incorrecta3": "El volumen del cilindro\r"
    },
    {
        "categoria": "Matemática",
        "pregunta": "Que numero introdujo Euler",
        "respuesta": "2,71828182845904523536028747135266249775…",
        "incorrecta1": "1,41421356237309504880168872420969807856…",
        "incorrecta2": "0",
        "incorrecta3": "1.73205080756887729352744634150587236694…\r"
    },
    {
        "categoria": "Matemática",
        "pregunta": "Este es el antiguo billete de 10 francos suizos ¿De quién es el retrato?",
        "respuesta": "Euler",
        "incorrecta1": "Bacón",
        "incorrecta2": "Rieman",
        "incorrecta3": "Fibonacci\r"
    },
    {
        "categoria": "Matemática",
        "pregunta": "Area del triangulo",
        "respuesta": "½ab(senΘ)",
        "incorrecta1": "2πr",
        "incorrecta2": "πr²",
        "incorrecta3": "bh\r"
    },
    {
        "categoria": "Matemática",
        "pregunta": "Area del triangulo",
        "respuesta": "½bh",
        "incorrecta1": "2πr",
        "incorrecta2": "πr²",
        "incorrecta3": "bh\r"
    },
    {
        "categoria": "Matemática",
        "pregunta": "Area del paralelogramo",
        "respuesta": "bh",
        "incorrecta1": "½bh",
        "incorrecta2": "½bh",
        "incorrecta3": "½ab(senΘ)\r"
    },
    {
        "categoria": "Matemática",
        "pregunta": "Circunferencia de un circulo",
        "respuesta": "2πr",
        "incorrecta1": "½bh",
        "incorrecta2": "½bh",
        "incorrecta3": "½ab(senΘ)\r"
    },
    {
        "categoria": "Matemática",
        "pregunta": "Area de un circulo",
        "respuesta": "πr²",
        "incorrecta1": "½bh",
        "incorrecta2": "½bh",
        "incorrecta3": "½ab(senΘ)\r"
    },
    {
        "categoria": "Matemática",
        "pregunta": "¿Qué es el radio?",
        "respuesta": "es un segmento que une el centro con un punto de la circunferencia perimetral.",
        "incorrecta1": "es un segmento que une dos puntos de la circunferencia sin pasar por su centro.",
        "incorrecta2": "línea que hace parte y sobresale del círculo .",
        "incorrecta3": "Es la recta que toca al círculo en un solo punto; es perpendicular al radio cuyo extremo es el punto de tangencia.\r"
    },
    {
        "categoria": "Matemática",
        "pregunta": "Perímetro del Círculo",
        "respuesta": "2πr",
        "incorrecta1": "πr²",
        "incorrecta2": "π²",
        "incorrecta3": "Ninguna es correcta\r"
    },
    {
        "categoria": "Matemática",
        "pregunta": "¿Cuánto vale el radio de la circunferencia goniométrica?",
        "respuesta": "1",
        "incorrecta1": "π²",
        "incorrecta2": "3",
        "incorrecta3": "cualquier numero real\r"
    },
    {
        "categoria": "Matemática",
        "pregunta": "¿Que es π, (número pi)?",
        "respuesta": "Es el cociente entre la longitud de la circunferencia y el diámetro",
        "incorrecta1": "Es la relacion entre el diametro y el radio",
        "incorrecta2": "El producto del Area con el perimetro",
        "incorrecta3": "La raiz del radio\r"
    },
    {
        "categoria": "Matemática",
        "pregunta": "Cuales son Paralelogramos rectángulos",
        "respuesta": "El cuadrado y el rectangulo",
        "incorrecta1": "El rombo y  el romboide",
        "incorrecta2": "El triangulo equilatero y el triangulo isoseles",
        "incorrecta3": "El cono y la esfera\r"
    },
    {
        "categoria": "Matemática",
        "pregunta": "Cuales son Paralelogramos no rectángulos",
        "respuesta": "El rombo y  el romboide",
        "incorrecta1": "El cuadrado y el rectangulo",
        "incorrecta2": "El triangulo equilatero y el triangulo isoseles",
        "incorrecta3": "El cono y la esfera\r"
    },
    {
        "categoria": "Matemática",
        "pregunta": "¿Cuál es la afirmacion verdadera?",
        "respuesta": "Todo paralelogramo tiene cuatro vértices y cuatro lados ",
        "incorrecta1": "os lados opuestos de un paralelogramo no son paralelos",
        "incorrecta2": "La suma de los ángulos interiores de todo paralelogramo es siempre igual a 180°.",
        "incorrecta3": "Todos los paralelogramos son concavos.\r"
    },
    {
        "categoria": "Matemática",
        "pregunta": "Raiz Cuadrada de 2",
        "respuesta": "1,41421356237309504880168872420969807856967187…",
        "incorrecta1": "3.14159265358979323846264338327950288419716939...",
        "incorrecta2": "1.73205080756887729352744634150587236694280525…",
        "incorrecta3": "2.23606797749978969640917366873127623544061835...\r"
    },
    {
        "categoria": "Matemática",
        "pregunta": "π (Pi)",
        "respuesta": "3.14159265358979323846264338327950288419716939...",
        "incorrecta1": "1,41421356237309504880168872420969807856967187…",
        "incorrecta2": "1.73205080756887729352744634150587236694280525…",
        "incorrecta3": "2.23606797749978969640917366873127623544061835...\r"
    },
    {
        "categoria": "Matemática",
        "pregunta": "Raiz Cuadrada de 3",
        "respuesta": "1.73205080756887729352744634150587236694280525…",
        "incorrecta1": "1,41421356237309504880168872420969807856967187…",
        "incorrecta2": "3.14159265358979323846264338327950288419716939...",
        "incorrecta3": "2.23606797749978969640917366873127623544061835...\r"
    },
    {
        "categoria": "Matemática",
        "pregunta": "Raiz cuadrada de 5",
        "respuesta": "2.23606797749978969640917366873127623544061835...",
        "incorrecta1": "1,41421356237309504880168872420969807856967187…",
        "incorrecta2": "3.14159265358979323846264338327950288419716939...",
        "incorrecta3": "1.73205080756887729352744634150587236694280525…\r"
    },
    {
        "categoria": "Matemática",
        "pregunta": "φ (Phi)",
        "respuesta": "1,6180339887498948482…",
        "incorrecta1": "1,4142135623730950488…",
        "incorrecta2": "3.1415926535897932384...",
        "incorrecta3": "2.2360679774997896964...\r"
    },
    {
        "categoria": "Matemática",
        "pregunta": "e (Número de Euler o Constante de Napier)",
        "respuesta": "2,71828182845904523536028747135266249775…",
        "incorrecta1": "1,41421356237309504880168872420969807856…",
        "incorrecta2": "3.14159265358979323846264338327950288419...",
        "incorrecta3": "1.73205080756887729352744634150587236694…\r"
    },
    {
        "categoria": "Matemática",
        "pregunta": "El número de Arquímedes",
        "respuesta": "Ar",
        "incorrecta1": "π",
        "incorrecta2": "e",
        "incorrecta3": "0\r"
    },
    {
        "categoria": "Matemática",
        "pregunta": "la constante de Arquímedes",
        "respuesta": "π",
        "incorrecta1": "Ar",
        "incorrecta2": "senΘ",
        "incorrecta3": "cosΘ\r"
    },
    {
        "categoria": "Matemática",
        "pregunta": "Plantea el nombre y símbolo de este número π",
        "respuesta": "Jones",
        "incorrecta1": "Euler",
        "incorrecta2": "Arquímedes",
        "incorrecta3": "Ahmes\r"
    },
    {
        "categoria": "Matemática",
        "pregunta": "Con que aproximacion Arquimedes calculo a  π",
        "respuesta": "3(10/71) < π < 3(1/7)",
        "incorrecta1": " π = 22/3",
        "incorrecta2": "3 < π <3.2",
        "incorrecta3": " π = 3.1\r"
    },
    {
        "categoria": "Matemática",
        "pregunta": "Referencia indirecta del valor aproximado de π en la biblia",
        "respuesta": "I Reyes 7:23-24",
        "incorrecta1": "Genesis. 5.1-32",
        "incorrecta2": "Oración de Nehemías sobre Jerusalén",
        "incorrecta3": "Jos. 15.15-19\r"
    },
    {
        "categoria": "Matemática",
        "pregunta": "Referencia indirecta del valor aproximado de π en la biblia",
        "respuesta": "II Crónicas 4:2",
        "incorrecta1": "Salmo 42:5, 11; 43:5",
        "incorrecta2": "Éxodo 14:14",
        "incorrecta3": "Proverbios 3:5\r"
    },
    {
        "categoria": "Matemática",
        "pregunta": "El día pi en el que los fans de este número lo celebran con diferentes actuaciones. ",
        "respuesta": "El 14 de marzo",
        "incorrecta1": "El día 22 de julio",
        "incorrecta2": "El 24 de Diciembre",
        "incorrecta3": "Ninguna es correcta\r"
    },
    {
        "categoria": "Matemática",
        "pregunta": "Simulacion casi perfecta de π (Pi)",
        "respuesta": "355/113",
        "incorrecta1": "22/3",
        "incorrecta2": "Raíz de 9,6",
        "incorrecta3": "Ninguna es correcta\r"
    },
    {
        "categoria": "Matemática",
        "pregunta": "Something Tells Me de la banda The Stone Roses termina así: \"What's the secret of life? It's _______, yeah yeah!!\" ¿Qué numero menciona?",
        "respuesta": "3.14159265. π (Pi)",
        "incorrecta1": "12345",
        "incorrecta2": "1,61803398. φ (Phi)",
        "incorrecta3": "√(-1)\r"
    },
    {
        "categoria": "Matemática",
        "pregunta": "La probabilidad de que dos enteros positivos escogidos al azar sean primos entre si es…",
        "respuesta": "6/(π²)",
        "incorrecta1": "12 arctan(1/49) + 32 arctan(1/57) - 5 arctan(1/239)",
        "incorrecta2": "1/2+1/3+1/5+1/7+….",
        "incorrecta3": "ƒ(x) = 2x^e-1\r"
    },
    {
        "categoria": "Matemática",
        "pregunta": "El primer millón de cifras de π y su inversa 1/π se puede consultar en…",
        "respuesta": "El Proyecto Gutenberg (Michael Hart en 1971)",
        "incorrecta1": "Philosophiæ naturalis principia mathematica (Isaac Newton 1687)",
        "incorrecta2": "Orígenes de la teoría general de la Relatividad (Einstein 1933)",
        "incorrecta3": "El gran diseño (Libro de Stephen Hawking y Leonard Mlodinow 2010)\r"
    },
    {
        "categoria": "Matemática",
        "pregunta": "Existen programas en internet que buscan tu número de teléfono en las 50.000.000 primeras cifras de…",
        "respuesta": "3.1415926535897932384… π (Pi)",
        "incorrecta1": "1,6180339887498948482… φ (Phi)",
        "incorrecta2": "1.7320508075688772935… √(3)",
        "incorrecta3": "2.2360679774997896964… √(5)\r"
    },
    {
        "categoria": "Matemática",
        "pregunta": "Un Hombre de nacionalidad Japonesa, El 4 de octubre de 2006, a la 1:30 de la madrugada, y tras 16 horas y media, volvió a romper su propio record recitando 100.000 dígitos del número pi. realizando una parada cada dos horas de 10 minutos para tomar aire.",
        "respuesta": " Akira Haraguchi",
        "incorrecta1": "Haruki Murakami",
        "incorrecta2": "Takeshi Kitano",
        "incorrecta3": "Kimura Takuya\r"
    },
    {
        "categoria": "Matemática",
        "pregunta": "El máximo número de dígitos de π necesario para buscar cualquier secuencia de día-mes-año con cuatro dígitos en la expansión decimal de pi es",
        "respuesta": "60.872.",
        "incorrecta1": "100.000.",
        "incorrecta2": "281.049.",
        "incorrecta3": "1.026.592.\r"
    },
    {
        "categoria": "Matemática",
        "pregunta": "En que país el número telefónico móvil para emergencias en estaciones de trenes y subterráneos es ∗31416. π (Pi)",
        "respuesta": "Argentina",
        "incorrecta1": "Chile",
        "incorrecta2": "Japón",
        "incorrecta3": "Colombia\r"
    },
    {
        "categoria": "Matemática",
        "pregunta": "Se considera como La Divina Proporción",
        "respuesta": "1,6180339887498948482… φ (Phi)",
        "incorrecta1": "1,4142135623730950488… √(2)",
        "incorrecta2": "3.1415926535897932384… π (Pi)",
        "incorrecta3": "2.2360679774997896964… √(5)\r"
    },
    {
        "categoria": "Matemática",
        "pregunta": "¿La siguiente expresión de fracciones continuas a que resultado tienden?",
        "respuesta": "1,6180339887498948482… φ (Phi)",
        "incorrecta1": "1,4142135623730950488… √(2)",
        "incorrecta2": "3.1415926535897932384… π (Pi)",
        "incorrecta3": "2.2360679774997896964… √(5)\r"
    },
    {
        "categoria": "Matemática",
        "pregunta": "¿La siguiente expresión de fracciones continuas a que resultado tienden?",
        "respuesta": "1,6180339887498948482… φ (Phi)",
        "incorrecta1": "1,4142135623730950488… √(2)",
        "incorrecta2": "3.1415926535897932384… π (Pi)",
        "incorrecta3": "2.2360679774997896964… √(5)\r"
    },
    {
        "categoria": "Matemática",
        "pregunta": "Calcula a estos cuatro nueves (9×9+9)/9",
        "respuesta": "10",
        "incorrecta1": "9",
        "incorrecta2": "8",
        "incorrecta3": "7\r"
    },
    {
        "categoria": "Matemática",
        "pregunta": "Calcula a estos cuatro nueves (99-9)/9",
        "respuesta": "10",
        "incorrecta1": "9",
        "incorrecta2": "8",
        "incorrecta3": "7\r"
    },
    {
        "categoria": "Matemática",
        "pregunta": "Calcula a estas cinco cifras iguales 33×3+(3/3)",
        "respuesta": "100",
        "incorrecta1": "333",
        "incorrecta2": "11",
        "incorrecta3": "5\r"
    },
    {
        "categoria": "Matemática",
        "pregunta": "Calcula a estos tres treses 33-3",
        "respuesta": "30",
        "incorrecta1": "31",
        "incorrecta2": "29",
        "incorrecta3": "28\r"
    },
    {
        "categoria": "Matemática",
        "pregunta": "Calcula a estos tres seis (6×6)-6",
        "respuesta": "30",
        "incorrecta1": "31",
        "incorrecta2": "29",
        "incorrecta3": "28\r"
    },
    {
        "categoria": "Matemática",
        "pregunta": "Calcula a estos tres cincos (5×5)+5",
        "respuesta": "30",
        "incorrecta1": "31",
        "incorrecta2": "29",
        "incorrecta3": "28\r"
    },
    {
        "categoria": "Matemática",
        "pregunta": "Forma correcta de escribir al 10 con cuatro nueves",
        "respuesta": "(9x9+9)/9 ",
        "incorrecta1": "9+9+9+9",
        "incorrecta2": "9-9+(9x9)",
        "incorrecta3": "(9x9)/(9x9)\r"
    },
    {
        "categoria": "Matemática",
        "pregunta": "Forma correcta de escribir al 10 con cuatro nueves",
        "respuesta": "(99-9)/9",
        "incorrecta1": "9+9+9+10",
        "incorrecta2": "9-9+(9x9)",
        "incorrecta3": "(9x9)/(9x9)\r"
    },
    {
        "categoria": "Matemática",
        "pregunta": "Forma correcta de escribir al 100 con cinco cifras iguales",
        "respuesta": "111-11",
        "incorrecta1": "55+55*5",
        "incorrecta2": "22*2*2+2",
        "incorrecta3": "33x3x(3/3)\r"
    },
    {
        "categoria": "Matemática",
        "pregunta": "Forma correcta de escribir al 100 con cinco cifras iguales",
        "respuesta": "33 x 3 + (3/3) ",
        "incorrecta1": "55 + 55 x 5",
        "incorrecta2": "22 x 2 x 2 x 2",
        "incorrecta3": "33 x 3 x (3/3)\r"
    },
    {
        "categoria": "Matemática",
        "pregunta": "Forma correcta de escribir al 12 con cinco cifras iguales",
        "respuesta": "((44-4)/4) + √(4)",
        "incorrecta1": "(√(2)^2) x 2 x 2 x 2",
        "incorrecta2": "√(4) x ((44 - 4)/4)",
        "incorrecta3": "(6 x 6) - 6 - (6/6)\r"
    },
    {
        "categoria": "Matemática",
        "pregunta": "Forma correcta de escribir al 20 con cinco cifras iguales",
        "respuesta": "√(4) x ((44 - 4)/4)",
        "incorrecta1": "(√(4) + 4 x 4) + 4",
        "incorrecta2": "5 + 5 + 5 + 5 + 5",
        "incorrecta3": "(6 x 6) - 6 - (6/6)\r"
    },
    {
        "categoria": "Matemática",
        "pregunta": "Se expresa a 36 como producto de tres números naturales y la suma de estos tres da 38 ¿Qué numeros son?",
        "respuesta": "1, 1 y 36",
        "incorrecta1": "1, 3 y 12",
        "incorrecta2": "19, 10 y 9",
        "incorrecta3": "8, 11 y 19\r"
    },
    {
        "categoria": "Matemática",
        "pregunta": "Se expresa a 36 como producto de tres números naturales y la suma de estos tres da 16 ¿Qué numeros son?",
        "respuesta": "1,3 y 12",
        "incorrecta1": "1, 3 y 13",
        "incorrecta2": "19, 10 y 9",
        "incorrecta3": "8, 11 y 19\r"
    },
    {
        "categoria": "Matemática",
        "pregunta": "Se expresa a 36 como producto de tres números naturales y la suma de estos tres da 13 ¿Qué numeros son?",
        "respuesta": "1,6 y 6",
        "incorrecta1": "9,1 y 1",
        "incorrecta2": "2,3 y 6",
        "incorrecta3": "4,6 y 1\r"
    },
    {
        "categoria": "Matemática",
        "pregunta": "Se expresa a 36 como producto de tres números naturales y la suma de estos tres da 11 ¿Qué numeros son?",
        "respuesta": "2,3 y 6",
        "incorrecta1": "10,2 y 1",
        "incorrecta2": "2,3 y 6",
        "incorrecta3": "4,6 y 1\r"
    },
    {
        "categoria": "Matemática",
        "pregunta": "Se expresa a 36 como producto de tres números naturales y la suma de estos tres da 21 ¿Qué numeros son?",
        "respuesta": "1,2 y 18",
        "incorrecta1": "10,10 y 1",
        "incorrecta2": "2,3 y 6",
        "incorrecta3": "4,6 y 1\r"
    },
    {
        "categoria": "Matemática",
        "pregunta": "Se expresa a 36 como producto de tres números naturales y la suma de estos tres da 14 ¿Qué numeros son?",
        "respuesta": "1,4 y 9 ",
        "incorrecta1": "10,2 y 1",
        "incorrecta2": "7,6 y 1",
        "incorrecta3": "4,6 y 1\r"
    },
    {
        "categoria": "Matemática",
        "pregunta": "Se expresa a 36 como producto de tres números naturales y la suma de estos tres da 13 ¿Qué numeros son?",
        "respuesta": "2,2 y 9",
        "incorrecta1": "10,2 y 1",
        "incorrecta2": "2,3 y 6",
        "incorrecta3": "4,6 y 1\r"
    },
    {
        "categoria": "Matemática",
        "pregunta": "Se expresa a 36 como producto de tres números naturales y la suma de estos tres da 10 ¿Qué numeros son?",
        "respuesta": "3,3 y 4",
        "incorrecta1": "1, 3 y 12",
        "incorrecta2": "19, 10 y 9",
        "incorrecta3": "8, 11 y 19\r"
    },
    {
        "categoria": "Matemática",
        "pregunta": "Calcula 4+5+6+7+8=9+10+11",
        "respuesta": "30",
        "incorrecta1": "20",
        "incorrecta2": "100",
        "incorrecta3": "31\r"
    },
    {
        "categoria": "Matemática",
        "pregunta": "Los numeros que pueden escribirse como la razon de dos enteros se denominan... ",
        "respuesta": "Racionales",
        "incorrecta1": "Enteros",
        "incorrecta2": "Imaginarios",
        "incorrecta3": "Compuestos\r"
    },
    {
        "categoria": "Matemática",
        "pregunta": "Entre dos numeros reales siempre existira otro numero real ¿Qué significa esto?",
        "respuesta": "Que los numeros son infinitos",
        "incorrecta1": "Que hay un error en las matematicas",
        "incorrecta2": "Nadie sabe que significa (es un misterio)",
        "incorrecta3": "Que por mucho que corramos nunca alcanzaremos la meta\r"
    },
    {
        "categoria": "Matemática",
        "pregunta": "Raiz Cuadrada de 7",
        "respuesta": "2,64575131106459…",
        "incorrecta1": "1,41421356237309…",
        "incorrecta2": "3.14159265358979...",
        "incorrecta3": "2.23606797749978...\r"
    },
    {
        "categoria": "Matemática",
        "pregunta": "Raiz cuadrada de 11",
        "respuesta": "3,3166247903554...",
        "incorrecta1": "1,4142135623730…",
        "incorrecta2": "3.141592653589...",
        "incorrecta3": "1.732050807568…\r"
    },
    {
        "categoria": "Matemática",
        "pregunta": "¿Dos ruedas están unidas por una correa transmisora. La primera tiene un radio de 25 cm y la segunda de 75 cm. Cuando la primera ha dado 300 vueltas, ¿cuántas vueltas habrá dado la segunda?",
        "respuesta": "100",
        "incorrecta1": "1000",
        "incorrecta2": "18",
        "incorrecta3": "49\r"
    },
    {
        "categoria": "Matemática",
        "pregunta": "¿Seis personas pueden vivir en un hotel durante 12 días por $792.000. ¿Cuánto costará el hotel de 15 personas durante ocho días?",
        "respuesta": "$1.320.000",
        "incorrecta1": "$15.000.000",
        "incorrecta2": "$1.203.000",
        "incorrecta3": "$8.927.000\r"
    },
    {
        "categoria": "Matemática",
        "pregunta": "Con 12 botes conteniendo cada uno ½ kg de pintura se han pintado 90 m de verja de 80 cm de altura. Calcular cuántos botes de 2 kg de pintura serán necesarios para pintar una verja similar de 120 cm de altura y 200 metros de longitud.",
        "respuesta": "10",
        "incorrecta1": "5",
        "incorrecta2": "19",
        "incorrecta3": "11\r"
    },
    {
        "categoria": "Matemática",
        "pregunta": "11 obreros labran un campo rectangular de 220 m de largo y 48 de ancho en 6 días. ¿Cuántos obreros serán necesarios para labrar otro campo análogo de 300 m de largo por 56 m de ancho en cinco días?",
        "respuesta": "21",
        "incorrecta1": "22",
        "incorrecta2": "20",
        "incorrecta3": "19\r"
    },
    {
        "categoria": "Matemática",
        "pregunta": "a cuanto equivale ½ de hora en minutos",
        "respuesta": "30",
        "incorrecta1": "15",
        "incorrecta2": "45",
        "incorrecta3": "60\r"
    },
    {
        "categoria": "Matemática",
        "pregunta": "Fraccion equivalente a 4/3",
        "respuesta": "12/9",
        "incorrecta1": "15/21",
        "incorrecta2": "2/3",
        "incorrecta3": "16/6\r"
    },
    {
        "categoria": "Matemática",
        "pregunta": "La hipotenusa es igual a la raiz de la suma de los catetos al cuadrado",
        "respuesta": "Teorema de pitagoras",
        "incorrecta1": "Teorema de Tales",
        "incorrecta2": "Es incorrecto",
        "incorrecta3": "Teorema del triangulin\r"
    },
    {
        "categoria": "Matemática",
        "pregunta": "El algoritmo de euclides",
        "respuesta": "Halla el MCD",
        "incorrecta1": "Halla PI",
        "incorrecta2": "Estaba errado",
        "incorrecta3": "Desubre lo que piensas\r"
    },
    {
        "categoria": "Matemática",
        "pregunta": "La criba de eratosteles…",
        "respuesta": "tiene relacion con los primos",
        "incorrecta1": "Es un libro",
        "incorrecta2": "Eso no existe",
        "incorrecta3": "Es una conjetura\r"
    },
    {
        "categoria": "Matemática",
        "pregunta": "la circunferencia de un círculo mantiene la misma relación respecto de su diámetro que la superficie del círculo respecto del cuadrado del radio.",
        "respuesta": "π",
        "incorrecta1": "Esa afirmacion es errada",
        "incorrecta2": "Es una constante que equivale a 22/7",
        "incorrecta3": "en el 2001 se encontro que equivale exactamente a 355/113\r"
    },
    {
        "categoria": "Matemática",
        "pregunta": "El nombre algebra tiene origen por",
        "respuesta": "Al-Juarismi",
        "incorrecta1": "Brahmagupta",
        "incorrecta2": "Abu'l Wafa",
        "incorrecta3": "Al-Battani\r"
    },
    {
        "categoria": "Matemática",
        "pregunta": "nacionalidad\"",
        "respuesta": "Frances",
        "incorrecta1": "Italiano",
        "incorrecta2": "Colombiano",
        "incorrecta3": "Mexicano\r"
    },
    {
        "categoria": "Matemática",
        "pregunta": "Euclides, nacionalidad",
        "respuesta": "Griego",
        "incorrecta1": "Africano",
        "incorrecta2": "Ruso",
        "incorrecta3": "Chileno\r"
    },
    {
        "categoria": "Matemática",
        "pregunta": "Sir Isaac Newton, nacionalidad",
        "respuesta": "Ingles",
        "incorrecta1": "Colombiano",
        "incorrecta2": "Venezolano",
        "incorrecta3": "Peruano\r"
    },
    {
        "categoria": "Matemática",
        "pregunta": "Sir Isaac Newton gran hecho",
        "respuesta": "Descubrió el calculo en el siglo XVII",
        "incorrecta1": "Creó la geometría analítica en el siglo XVII. ",
        "incorrecta2": "Inventó el topología algebraica en el siglo XIX",
        "incorrecta3": "Comia mucho mani\r"
    },
    {
        "categoria": "Matemática",
        "pregunta": "Nacionalidad de Gottfried Leibniz",
        "respuesta": "Alemán",
        "incorrecta1": "Suecia",
        "incorrecta2": "Colombia",
        "incorrecta3": "China\r"
    },
    {
        "categoria": "Matemática",
        "pregunta": "Gottfried Leibniz, gran hecho",
        "respuesta": "desscrubrió el calculo en el siglo 17",
        "incorrecta1": "Creó la geometría analítica en el siglo XVII. ",
        "incorrecta2": "Inventó el topología algebraica en el siglo XIX",
        "incorrecta3": "Comia mucho mani\r"
    },
    {
        "categoria": "Matemática",
        "pregunta": "seudónimo de Carl Gauss ",
        "respuesta": "principe de los matematicos",
        "incorrecta1": "La bestia del calculo",
        "incorrecta2": "El Dios de los numeros",
        "incorrecta3": "Ninguna es correcta\r"
    },
    {
        "categoria": "Matemática",
        "pregunta": "Leonad Euler nacionalidad",
        "respuesta": "Suiza",
        "incorrecta1": "Ruso",
        "incorrecta2": "Alemania",
        "incorrecta3": "Berlin\r"
    },
    {
        "categoria": "Matemática",
        "pregunta": "Se fundó la teoria dos grafos",
        "respuesta": "solucionando un problema que tenia siete puentes. ",
        "incorrecta1": "Conectando algunos meridianos importantes",
        "incorrecta2": "En el estudio de los numeros primos",
        "incorrecta3": "Estudiando aquillas curvas que parecen rectas\r"
    }
]